-- Clear old tables
DELETE FROM public.project_requisitions;
DELETE FROM public.project_materials;
DELETE FROM public.project_costs;
DELETE FROM public.project_milestones;
DELETE FROM public.projects;
DELETE FROM public.project_suppliers;

-- Insert new projects
INSERT INTO public.projects (id, name, location, previsto, faturado, desvios, progress, status, coordinator, team) VALUES ('91787382-f9de-4a22-b942-a6cf679972ab', 'FABRICA DE FIOS E BOBINAS', '', 3935664.46, 6013819.999999999, -2078155.539999999, 0, 'Em Execução', '', '');
INSERT INTO public.projects (id, name, location, previsto, faturado, desvios, progress, status, coordinator, team) VALUES ('6a5e7719-11f5-4640-8d71-19141cfdcdef', 'REFEITÓRIO', '', 550000, 314678.7, 235321.3, 0, 'Em Execução', '', '');
INSERT INTO public.projects (id, name, location, previsto, faturado, desvios, progress, status, coordinator, team) VALUES ('4556fb29-f3bc-4fc8-8fca-ac5f555fbd79', 'GALPÃO METIIS ALMOXARIFADO CONTAINER', '', 400000, 404278.33, -4278.330000000016, 0, 'Em Execução', '', '');
INSERT INTO public.projects (id, name, location, previsto, faturado, desvios, progress, status, coordinator, team) VALUES ('0b2ee53b-8591-4345-bd60-0a6e4ee57337', 'FAB. DE BOBINAS CLIMATIZAÇÃO', '', 1100000, 86000, 1014000, 0, 'Em Execução', '', '');
INSERT INTO public.projects (id, name, location, previsto, faturado, desvios, progress, status, coordinator, team) VALUES ('f6821544-63e6-4b66-a955-77ed4732c382', 'TRAFO BARRACA PARTE ATIVA', '', 1400000, 381600, 1018400, 0, 'Em Execução', '', '');
INSERT INTO public.projects (id, name, location, previsto, faturado, desvios, progress, status, coordinator, team) VALUES ('38249e98-8afa-4e7e-9047-38bcf875c7dc', 'TRAFO BANCO DE CAPACITORES', '', 0, 0, 0, 0, 'Em Execução', '', '');
INSERT INTO public.projects (id, name, location, previsto, faturado, desvios, progress, status, coordinator, team) VALUES ('942f31c3-c355-47bc-8a7d-a835a49fc471', 'TRAFO SALA QUALIDADE', '', 36770, 36770, 0, 0, 'Em Execução', '', '');
INSERT INTO public.projects (id, name, location, previsto, faturado, desvios, progress, status, coordinator, team) VALUES ('2451f9a2-5014-4084-83a0-5879296d0737', 'TRAFO MINI CARPINTARIA', '', 40466, 40466, 0, 0, 'Em Execução', '', '');
INSERT INTO public.projects (id, name, location, previsto, faturado, desvios, progress, status, coordinator, team) VALUES ('2a3994db-f5fd-4271-999d-508ee71f9c42', 'TRAFO SALA SUP. PROCESSOS', '', 35250, 35250, 0, 0, 'Em Execução', '', '');
INSERT INTO public.projects (id, name, location, previsto, faturado, desvios, progress, status, coordinator, team) VALUES ('2f8a23d6-277b-4e2b-81d9-804c46a8a7cc', 'TRAFO ANTESSALA DA BARRACA', '', 0, 0, 0, 0, 'Em Execução', '', '');

-- Insert new suppliers
INSERT INTO public.project_suppliers (id, name, rating, compliance, specialty, phone) VALUES ('afc97135-a939-4542-8b71-5a716a4b8e73', 'A.R.V INSTALACOES INDUSTRIAIS E PREDIAIS LTDA', 5.0, 100, 'Diversos', '');
INSERT INTO public.project_suppliers (id, name, rating, compliance, specialty, phone) VALUES ('d8dedfbd-7b51-4820-95c4-4239de88a29a', 'ACOTEL INDUSTRIA E COMERCIO LTDA', 5.0, 100, 'Diversos', '');
INSERT INTO public.project_suppliers (id, name, rating, compliance, specialty, phone) VALUES ('a7b16159-455b-4648-a408-381cd873f242', 'AF BOX', 5.0, 100, 'Diversos', '');
INSERT INTO public.project_suppliers (id, name, rating, compliance, specialty, phone) VALUES ('5a2999e6-73d4-4efc-9225-2ac8fb6367bd', 'ALEIXO E FERREIRA HIDROJATEAMENTO', 5.0, 100, 'Diversos', '');
INSERT INTO public.project_suppliers (id, name, rating, compliance, specialty, phone) VALUES ('512204b0-409b-4927-88ae-816f467e80ab', 'ALVA CLIMA E SOLUCOES EM CLIMATIZACAO LTDA', 5.0, 100, 'Diversos', '');
INSERT INTO public.project_suppliers (id, name, rating, compliance, specialty, phone) VALUES ('7fa6b597-032c-4a15-8638-914ade0ff844', 'AMECON INDUSTRIA E COMERCIO LTDA', 5.0, 100, 'Diversos', '');
INSERT INTO public.project_suppliers (id, name, rating, compliance, specialty, phone) VALUES ('581804ce-40f4-445b-87c3-bd6e20b673bf', 'ARC AR COMPRIMIDO LTDA', 5.0, 100, 'Diversos', '');
INSERT INTO public.project_suppliers (id, name, rating, compliance, specialty, phone) VALUES ('be7b68be-6a56-41e3-87e5-558d296221f2', 'ARCELORMITAL', 5.0, 100, 'Diversos', '');
INSERT INTO public.project_suppliers (id, name, rating, compliance, specialty, phone) VALUES ('80230c1c-a5b9-434a-af47-1ba2e87f0773', 'ARPI', 5.0, 100, 'Diversos', '');
INSERT INTO public.project_suppliers (id, name, rating, compliance, specialty, phone) VALUES ('af03aeb0-7b35-4cbc-985c-14905d73d0b3', 'ARTHUR DUARTE PEIXOTO DE ASSIS LTDA', 5.0, 100, 'Diversos', '');
INSERT INTO public.project_suppliers (id, name, rating, compliance, specialty, phone) VALUES ('866fa55c-12f0-4979-82bb-943e3ac7c167', 'BETMIX CONCRETO LTDA', 5.0, 100, 'Diversos', '');
INSERT INTO public.project_suppliers (id, name, rating, compliance, specialty, phone) VALUES ('05d4acc5-b0b4-415e-b39b-e49783770d07', 'BLOJAF LTDA', 5.0, 100, 'Diversos', '');
INSERT INTO public.project_suppliers (id, name, rating, compliance, specialty, phone) VALUES ('d8bf54db-0db2-4f3a-b4d9-0feaa0915fc4', 'BRASIL INDUSTRIAL CONSTRUCOES LTDA', 5.0, 100, 'Diversos', '');
INSERT INTO public.project_suppliers (id, name, rating, compliance, specialty, phone) VALUES ('526aa303-72fe-4742-b98f-69e62b3ee065', 'CALIXTO E DIAS SERVIÇOS LTDA', 5.0, 100, 'Diversos', '');
INSERT INTO public.project_suppliers (id, name, rating, compliance, specialty, phone) VALUES ('eca59fa1-a967-489c-90f4-566b642739df', 'CLAUDIO JUNIO AMARAL', 5.0, 100, 'Diversos', '');
INSERT INTO public.project_suppliers (id, name, rating, compliance, specialty, phone) VALUES ('82d9a68e-b287-457c-b5fd-17f90fced6f1', 'CM PROMOCOES E EVENTOS LTDA', 5.0, 100, 'Diversos', '');
INSERT INTO public.project_suppliers (id, name, rating, compliance, specialty, phone) VALUES ('e8327286-9679-4a61-b22e-61fbae3acd06', 'COFERMETA AS', 5.0, 100, 'Diversos', '');
INSERT INTO public.project_suppliers (id, name, rating, compliance, specialty, phone) VALUES ('bd906f0f-023a-496f-909c-5c4873e0e43a', 'CONEV ENGENHARIA LTDA', 5.0, 100, 'Diversos', '');
INSERT INTO public.project_suppliers (id, name, rating, compliance, specialty, phone) VALUES ('cb98c740-e4b8-4934-8cc5-78d38570ee9a', 'CONSTRUMAIS COBERTURAS E SERVICOS LTDA', 5.0, 100, 'Diversos', '');
INSERT INTO public.project_suppliers (id, name, rating, compliance, specialty, phone) VALUES ('495813f8-8bd1-4990-a967-d233f05aff8f', 'COOPERATIVA DE LOGISTICA E TRANSPORTE', 5.0, 100, 'Diversos', '');
INSERT INTO public.project_suppliers (id, name, rating, compliance, specialty, phone) VALUES ('253a04b2-6dce-4199-9f10-55f36255edde', 'ELETRO FERRAGENS UNIAO LTDA', 5.0, 100, 'Diversos', '');
INSERT INTO public.project_suppliers (id, name, rating, compliance, specialty, phone) VALUES ('fe200ecb-7ff6-40e6-a8e7-957cb4ee34f2', 'EXPRESSO MODAL TRANSPORTES E LOGISTICA LTDA', 5.0, 100, 'Diversos', '');
INSERT INTO public.project_suppliers (id, name, rating, compliance, specialty, phone) VALUES ('0f7dd8fe-881e-4d54-85d6-45296392d966', 'FERGAL FERRO E ACO LTDA', 5.0, 100, 'Diversos', '');
INSERT INTO public.project_suppliers (id, name, rating, compliance, specialty, phone) VALUES ('efa0d751-5769-4ef2-a5ae-29786ecfb43b', 'FERRO E ACO TAKONO LTDA', 5.0, 100, 'Diversos', '');
INSERT INTO public.project_suppliers (id, name, rating, compliance, specialty, phone) VALUES ('64e79df3-f864-439f-abf6-f78b41586aaf', 'FERROLAGOS COMERCIO DE FERRO E ACO LTDA', 5.0, 100, 'Diversos', '');
INSERT INTO public.project_suppliers (id, name, rating, compliance, specialty, phone) VALUES ('98f10190-0eb1-48f1-ade8-b67ae7254a7a', 'FORÇA E CONTROLE', 5.0, 100, 'Diversos', '');
INSERT INTO public.project_suppliers (id, name, rating, compliance, specialty, phone) VALUES ('f249ce84-bc6a-41ac-86ce-2fbd85411bb1', 'FORCA E CONTROLE PAINEIS E EQUIPAMENTOS ELETRICOS LTDA', 5.0, 100, 'Diversos', '');
INSERT INTO public.project_suppliers (id, name, rating, compliance, specialty, phone) VALUES ('ce0613b6-c8c7-4f54-b276-3c26d6d6e277', 'FORTE PREMOLDADOS', 5.0, 100, 'Diversos', '');
INSERT INTO public.project_suppliers (id, name, rating, compliance, specialty, phone) VALUES ('3fa92efe-7a32-4764-a405-f450c2ec2b97', 'FORTMETAL METALURGICA', 5.0, 100, 'Diversos', '');
INSERT INTO public.project_suppliers (id, name, rating, compliance, specialty, phone) VALUES ('dace82be-9c43-4ce6-9cde-292434632792', 'GERABLOCOS LTDA', 5.0, 100, 'Diversos', '');
INSERT INTO public.project_suppliers (id, name, rating, compliance, specialty, phone) VALUES ('e0c60ed0-4158-4a1e-8679-c09456a771b0', 'GERDAU AÇOS LONGOS S/A', 5.0, 100, 'Diversos', '');
INSERT INTO public.project_suppliers (id, name, rating, compliance, specialty, phone) VALUES ('42d4d99c-6ff8-4a07-a013-b78a68aca067', 'GH DO BRASIL INDUSTRIA E COMERCIO', 5.0, 100, 'Diversos', '');
INSERT INTO public.project_suppliers (id, name, rating, compliance, specialty, phone) VALUES ('6ecc9b8f-348f-4e18-a704-5060cf39b29d', 'GM SOLOS LTDA', 5.0, 100, 'Diversos', '');
INSERT INTO public.project_suppliers (id, name, rating, compliance, specialty, phone) VALUES ('ab1c7313-0766-4751-bfae-f86bc1446cdf', 'GMZ IND E COMERCIO DE GRANITOS E MARMORES LTDA', 5.0, 100, 'Diversos', '');
INSERT INTO public.project_suppliers (id, name, rating, compliance, specialty, phone) VALUES ('327a314d-1584-4058-81bc-880d86963ca6', 'GRAAL TINTAS', 5.0, 100, 'Diversos', '');
INSERT INTO public.project_suppliers (id, name, rating, compliance, specialty, phone) VALUES ('3593c163-7551-4669-b82c-2d218d8faefe', 'GROUP SMS CORPORATION LTDA', 5.0, 100, 'Diversos', '');
INSERT INTO public.project_suppliers (id, name, rating, compliance, specialty, phone) VALUES ('9107ef6c-1aaf-4c58-b3be-49304e7ef449', 'G-SERVICE MANUTENCAO EM GERADORES LTDA - ME', 5.0, 100, 'Diversos', '');
INSERT INTO public.project_suppliers (id, name, rating, compliance, specialty, phone) VALUES ('18b612db-3ec3-417e-88eb-09f0616ccb44', 'GUERRA ENGENHARIA E CONSULTORIA LTDA', 5.0, 100, 'Diversos', '');
INSERT INTO public.project_suppliers (id, name, rating, compliance, specialty, phone) VALUES ('2602460a-0233-464f-ae22-aa222f3c5e97', 'J B SERVICOS DE PAVIMENTACAO LTDA', 5.0, 100, 'Diversos', '');
INSERT INTO public.project_suppliers (id, name, rating, compliance, specialty, phone) VALUES ('1f76c6b3-0950-49c4-beda-7ff0d7042b32', 'JPREFRIGERACAO E BEBEDOUROS LTDA', 5.0, 100, 'Diversos', '');
INSERT INTO public.project_suppliers (id, name, rating, compliance, specialty, phone) VALUES ('8b64c04b-03ec-4bf4-8382-4e5e9732cd1c', 'KARCHER INDUSTRIA E COMERCIO LIMITADA', 5.0, 100, 'Diversos', '');
INSERT INTO public.project_suppliers (id, name, rating, compliance, specialty, phone) VALUES ('59913e27-f87c-4e83-b815-2ec3a92a8cf6', 'L-BRAS FUNDACOES LTDA', 5.0, 100, 'Diversos', '');
INSERT INTO public.project_suppliers (id, name, rating, compliance, specialty, phone) VALUES ('9945d537-743b-4b18-9c9b-611c0458e754', 'LOCACOES  ABRANTES  LTDA', 5.0, 100, 'Diversos', '');
INSERT INTO public.project_suppliers (id, name, rating, compliance, specialty, phone) VALUES ('54551f57-ddf4-497e-aea6-902e52f9e018', 'LOJA ELETRICA LTDA', 5.0, 100, 'Diversos', '');
INSERT INTO public.project_suppliers (id, name, rating, compliance, specialty, phone) VALUES ('8fb57230-1e65-477f-a49e-98eab58419ca', 'MADEIREIRA VARANDAO EIRELI', 5.0, 100, 'Diversos', '');
INSERT INTO public.project_suppliers (id, name, rating, compliance, specialty, phone) VALUES ('36b3b217-f81b-4d75-841e-887b37a0a7d6', 'MANG ACO  LTDA', 5.0, 100, 'Diversos', '');
INSERT INTO public.project_suppliers (id, name, rating, compliance, specialty, phone) VALUES ('130312f5-9956-45d6-ab1b-19896a9a8f5c', 'MD PRESTACOES DE SERVICOS LTDA', 5.0, 100, 'Diversos', '');
INSERT INTO public.project_suppliers (id, name, rating, compliance, specialty, phone) VALUES ('52c8c30c-3cb2-4aa8-b50e-dc04bc50b79e', 'MINAS METALICA LTDA', 5.0, 100, 'Diversos', '');
INSERT INTO public.project_suppliers (id, name, rating, compliance, specialty, phone) VALUES ('842beb7f-9861-41d8-9daf-60ca1b03b2a0', 'MINERAÇÃO MONTREAL LTDA', 5.0, 100, 'Diversos', '');
INSERT INTO public.project_suppliers (id, name, rating, compliance, specialty, phone) VALUES ('ea3849d9-6fcd-4b56-bf22-1dc4be8f3580', 'MODELACO COMERCIO DE PRODUTOS E SERVICOS', 5.0, 100, 'Diversos', '');
INSERT INTO public.project_suppliers (id, name, rating, compliance, specialty, phone) VALUES ('f015fc68-2e8b-48fd-89a8-9aac43cd6c00', 'NBTX CONCRETO LTDA', 5.0, 100, 'Diversos', '');
INSERT INTO public.project_suppliers (id, name, rating, compliance, specialty, phone) VALUES ('87635452-061b-478c-b1fd-89c0a2feaf30', 'OLIVEIRA E VIANA MATERIAIS DE CONSTRUCAO LTDA', 5.0, 100, 'Diversos', '');
INSERT INTO public.project_suppliers (id, name, rating, compliance, specialty, phone) VALUES ('665dad41-6c9b-4873-a8d6-56060cbc813b', 'ORMILOC LOC E COM DE EQUIP E UTENS PARA EVENTOS EIRELI', 5.0, 100, 'Diversos', '');
INSERT INTO public.project_suppliers (id, name, rating, compliance, specialty, phone) VALUES ('733f69c2-bb4c-43c5-97a4-8d69ce8c998c', 'OTONI ENGENHARIA E CONSULTORIA LTDA', 5.0, 100, 'Diversos', '');
INSERT INTO public.project_suppliers (id, name, rating, compliance, specialty, phone) VALUES ('9531cec4-6e38-43c4-8beb-44f0d4701f89', 'PAFI USINAGEM E TORNEARIA LTDA', 5.0, 100, 'Diversos', '');
INSERT INTO public.project_suppliers (id, name, rating, compliance, specialty, phone) VALUES ('4e3b22b4-e70b-4ddb-8261-07587b231955', 'PCCALLADO DESIGN', 5.0, 100, 'Diversos', '');
INSERT INTO public.project_suppliers (id, name, rating, compliance, specialty, phone) VALUES ('ecb93b32-938c-443d-ad3b-901dcfdb6f41', 'POLIPISO DO BRASIL LTDA', 5.0, 100, 'Diversos', '');
INSERT INTO public.project_suppliers (id, name, rating, compliance, specialty, phone) VALUES ('e2ff328c-55bb-4c31-bf69-45c7522d2043', 'PONTO DO INCENDIO LTDA', 5.0, 100, 'Diversos', '');
INSERT INTO public.project_suppliers (id, name, rating, compliance, specialty, phone) VALUES ('06646cf1-fde1-4f48-9fb6-b0aa90846b67', 'PREVINA - SEGURANCA CONTRA INCENDIO LTDA', 5.0, 100, 'Diversos', '');
INSERT INTO public.project_suppliers (id, name, rating, compliance, specialty, phone) VALUES ('75662aa1-401b-4e32-8203-00a191bad49c', 'RAFAEL GONCALVES DUARTE', 5.0, 100, 'Diversos', '');
INSERT INTO public.project_suppliers (id, name, rating, compliance, specialty, phone) VALUES ('12d867d2-fe25-4870-be66-d67b79364584', 'REAL AR CONDICIONADO', 5.0, 100, 'Diversos', '');
INSERT INTO public.project_suppliers (id, name, rating, compliance, specialty, phone) VALUES ('3cc60f16-6a60-4cb2-a3f4-000a416ebf11', 'RODAS E RODIZIOS', 5.0, 100, 'Diversos', '');
INSERT INTO public.project_suppliers (id, name, rating, compliance, specialty, phone) VALUES ('84170b46-6a8c-45c7-8372-96c041da74f8', 'RT LOCAÇÕES E SERVIÇOS LTDA', 5.0, 100, 'Diversos', '');
INSERT INTO public.project_suppliers (id, name, rating, compliance, specialty, phone) VALUES ('478c0260-add5-4329-b058-1778ce8a329f', 'SARZEDO PARAFUSOS LTDA', 5.0, 100, 'Diversos', '');
INSERT INTO public.project_suppliers (id, name, rating, compliance, specialty, phone) VALUES ('b4cfe5ce-a428-4355-bec0-db6cf88d25d5', 'SOMAQUINAS', 5.0, 100, 'Diversos', '');
INSERT INTO public.project_suppliers (id, name, rating, compliance, specialty, phone) VALUES ('a26825a1-448c-4651-a6ca-76ebfd0b258a', 'SUPER - MAK SERVICOS LTDA', 5.0, 100, 'Diversos', '');
INSERT INTO public.project_suppliers (id, name, rating, compliance, specialty, phone) VALUES ('9d53f574-2372-409a-8e85-8aecd6c79b28', 'SUPERINOX LTDA', 5.0, 100, 'Diversos', '');
INSERT INTO public.project_suppliers (id, name, rating, compliance, specialty, phone) VALUES ('0abce00b-21c3-4e9e-bf52-c1efe4936b02', 'TECPISO LAPIDACOES, REVESTIMENTOS E SERVICOS LTDA', 5.0, 100, 'Diversos', '');
INSERT INTO public.project_suppliers (id, name, rating, compliance, specialty, phone) VALUES ('12164026-a2b2-41aa-99a7-f347937c9112', 'TERRAMAX TERRAPLENAGEM E TRANSPORTES LTDA', 5.0, 100, 'Diversos', '');
INSERT INTO public.project_suppliers (id, name, rating, compliance, specialty, phone) VALUES ('a3b977ce-6d2d-4b2e-94ca-6169228849b3', 'TRADIMAQ LTDA', 5.0, 100, 'Diversos', '');
INSERT INTO public.project_suppliers (id, name, rating, compliance, specialty, phone) VALUES ('9604fd4e-3501-47a7-863b-979a545cd2d6', 'VERDE DISTRIBUIDORA LTDA', 5.0, 100, 'Diversos', '');
INSERT INTO public.project_suppliers (id, name, rating, compliance, specialty, phone) VALUES ('24577363-4aab-49d4-bc1a-ac4c6bfb9f79', 'WANDERSON A M DA SILVA - LOCAÇÃO DE MUNK', 5.0, 100, 'Diversos', '');
INSERT INTO public.project_suppliers (id, name, rating, compliance, specialty, phone) VALUES ('330f3a00-aa65-4912-8a31-4b3e3e2a20ac', 'ZAGONEL ILUMINACAO SA', 5.0, 100, 'Diversos', '');
INSERT INTO public.project_suppliers (id, name, rating, compliance, specialty, phone) VALUES ('4e07a2c9-1e27-4f15-a89b-45e8bbbbb539', 'ZUM PIPAS COMERCIO E TRANSPORTES LTDA', 5.0, 100, 'Diversos', '');
INSERT INTO public.project_suppliers (id, name, rating, compliance, specialty, phone) VALUES ('dc808a87-7171-4827-b97a-33cb5f21473c', 'X-MALB SOLUCOES LTDA', 5.0, 100, 'Diversos', '');

-- Insert new requisitions/billing
INSERT INTO public.project_requisitions (id, project_id, material, qty, date, status, approved_supplier, approved_price, options) VALUES ('49d10d6e-6e37-4915-9c7d-15838a7b7862', '91787382-f9de-4a22-b942-a6cf679972ab', 'Prestação de Serviços / Insumos', '1 un', '2026-06-16', 'Entregue', 'A.R.V INSTALACOES INDUSTRIAIS E PREDIAIS LTDA', 58021.119999999995, '[{"supplierName":"A.R.V INSTALACOES INDUSTRIAIS E PREDIAIS LTDA","price":58021.119999999995,"deliveryDays":1,"rating":5,"isBest":true}]'::jsonb);
INSERT INTO public.project_requisitions (id, project_id, material, qty, date, status, approved_supplier, approved_price, options) VALUES ('f1f91d05-e7a3-4f8e-b665-5ce102cb8841', '91787382-f9de-4a22-b942-a6cf679972ab', 'Prestação de Serviços / Insumos', '1 un', '2026-06-16', 'Entregue', 'ACOTEL INDUSTRIA E COMERCIO LTDA', 96726.69, '[{"supplierName":"ACOTEL INDUSTRIA E COMERCIO LTDA","price":96726.69,"deliveryDays":1,"rating":5,"isBest":true}]'::jsonb);
INSERT INTO public.project_requisitions (id, project_id, material, qty, date, status, approved_supplier, approved_price, options) VALUES ('4edbc311-a137-4d62-a1ef-ea7f5c3175e9', '942f31c3-c355-47bc-8a7d-a835a49fc471', 'Prestação de Serviços / Insumos', '1 un', '2026-06-16', 'Entregue', 'AF BOX', 34970, '[{"supplierName":"AF BOX","price":34970,"deliveryDays":1,"rating":5,"isBest":true}]'::jsonb);
INSERT INTO public.project_requisitions (id, project_id, material, qty, date, status, approved_supplier, approved_price, options) VALUES ('99322cd6-7a9c-4c12-9d35-461905fefa67', '2451f9a2-5014-4084-83a0-5879296d0737', 'Prestação de Serviços / Insumos', '1 un', '2026-06-16', 'Entregue', 'AF BOX', 38816, '[{"supplierName":"AF BOX","price":38816,"deliveryDays":1,"rating":5,"isBest":true}]'::jsonb);
INSERT INTO public.project_requisitions (id, project_id, material, qty, date, status, approved_supplier, approved_price, options) VALUES ('dc2a5a1f-2e95-47b1-bd6e-c07fba9e96e3', '2a3994db-f5fd-4271-999d-508ee71f9c42', 'Prestação de Serviços / Insumos', '1 un', '2026-06-16', 'Entregue', 'AF BOX', 35250, '[{"supplierName":"AF BOX","price":35250,"deliveryDays":1,"rating":5,"isBest":true}]'::jsonb);
INSERT INTO public.project_requisitions (id, project_id, material, qty, date, status, approved_supplier, approved_price, options) VALUES ('a88362f5-b2e4-4375-b736-afd60b73e609', '91787382-f9de-4a22-b942-a6cf679972ab', 'Prestação de Serviços / Insumos', '1 un', '2026-06-16', 'Entregue', 'ALEIXO E FERREIRA HIDROJATEAMENTO', 3208, '[{"supplierName":"ALEIXO E FERREIRA HIDROJATEAMENTO","price":3208,"deliveryDays":1,"rating":5,"isBest":true}]'::jsonb);
INSERT INTO public.project_requisitions (id, project_id, material, qty, date, status, approved_supplier, approved_price, options) VALUES ('dfc37cc5-b01b-4205-af66-0b16cb617766', '91787382-f9de-4a22-b942-a6cf679972ab', 'Prestação de Serviços / Insumos', '1 un', '2026-06-16', 'Entregue', 'ALVA CLIMA E SOLUCOES EM CLIMATIZACAO LTDA', 18220, '[{"supplierName":"ALVA CLIMA E SOLUCOES EM CLIMATIZACAO LTDA","price":18220,"deliveryDays":1,"rating":5,"isBest":true}]'::jsonb);
INSERT INTO public.project_requisitions (id, project_id, material, qty, date, status, approved_supplier, approved_price, options) VALUES ('74e83717-e541-4ce6-9534-7e17180c2f40', '6a5e7719-11f5-4640-8d71-19141cfdcdef', 'Prestação de Serviços / Insumos', '1 un', '2026-06-16', 'Entregue', 'ALVA CLIMA E SOLUCOES EM CLIMATIZACAO LTDA', 1500, '[{"supplierName":"ALVA CLIMA E SOLUCOES EM CLIMATIZACAO LTDA","price":1500,"deliveryDays":1,"rating":5,"isBest":true}]'::jsonb);
INSERT INTO public.project_requisitions (id, project_id, material, qty, date, status, approved_supplier, approved_price, options) VALUES ('21009ccf-3b6c-411d-8b58-0e4593137f2c', '942f31c3-c355-47bc-8a7d-a835a49fc471', 'Prestação de Serviços / Insumos', '1 un', '2026-06-16', 'Entregue', 'ALVA CLIMA E SOLUCOES EM CLIMATIZACAO LTDA', 1800, '[{"supplierName":"ALVA CLIMA E SOLUCOES EM CLIMATIZACAO LTDA","price":1800,"deliveryDays":1,"rating":5,"isBest":true}]'::jsonb);
INSERT INTO public.project_requisitions (id, project_id, material, qty, date, status, approved_supplier, approved_price, options) VALUES ('472b0b21-6914-4c81-894b-1328d6ec51fd', '2451f9a2-5014-4084-83a0-5879296d0737', 'Prestação de Serviços / Insumos', '1 un', '2026-06-16', 'Entregue', 'ALVA CLIMA E SOLUCOES EM CLIMATIZACAO LTDA', 1650, '[{"supplierName":"ALVA CLIMA E SOLUCOES EM CLIMATIZACAO LTDA","price":1650,"deliveryDays":1,"rating":5,"isBest":true}]'::jsonb);
INSERT INTO public.project_requisitions (id, project_id, material, qty, date, status, approved_supplier, approved_price, options) VALUES ('49e36919-7639-4678-bdec-d40a45d864d5', '91787382-f9de-4a22-b942-a6cf679972ab', 'Prestação de Serviços / Insumos', '1 un', '2026-06-16', 'Entregue', 'AMECON INDUSTRIA E COMERCIO LTDA', 4002.5, '[{"supplierName":"AMECON INDUSTRIA E COMERCIO LTDA","price":4002.5,"deliveryDays":1,"rating":5,"isBest":true}]'::jsonb);
INSERT INTO public.project_requisitions (id, project_id, material, qty, date, status, approved_supplier, approved_price, options) VALUES ('37cc1ebb-fbd4-42be-9315-3c9c30fb72aa', '91787382-f9de-4a22-b942-a6cf679972ab', 'Prestação de Serviços / Insumos', '1 un', '2026-06-16', 'Entregue', 'ARC AR COMPRIMIDO LTDA', 1675, '[{"supplierName":"ARC AR COMPRIMIDO LTDA","price":1675,"deliveryDays":1,"rating":5,"isBest":true}]'::jsonb);
INSERT INTO public.project_requisitions (id, project_id, material, qty, date, status, approved_supplier, approved_price, options) VALUES ('c59d6093-162e-4e9d-b488-91ad1800852f', '91787382-f9de-4a22-b942-a6cf679972ab', 'Prestação de Serviços / Insumos', '1 un', '2026-06-16', 'Entregue', 'ARCELORMITAL', 129604.98, '[{"supplierName":"ARCELORMITAL","price":129604.98,"deliveryDays":1,"rating":5,"isBest":true}]'::jsonb);
INSERT INTO public.project_requisitions (id, project_id, material, qty, date, status, approved_supplier, approved_price, options) VALUES ('158ec51e-2919-4ede-b250-8d5504383d7e', 'f6821544-63e6-4b66-a955-77ed4732c382', 'Prestação de Serviços / Insumos', '1 un', '2026-06-16', 'Entregue', 'ARPI', 197600, '[{"supplierName":"ARPI","price":197600,"deliveryDays":1,"rating":5,"isBest":true}]'::jsonb);
INSERT INTO public.project_requisitions (id, project_id, material, qty, date, status, approved_supplier, approved_price, options) VALUES ('129a79cb-d3f7-41c9-ba0e-a3c46ecb24ee', '91787382-f9de-4a22-b942-a6cf679972ab', 'Prestação de Serviços / Insumos', '1 un', '2026-06-16', 'Entregue', 'ARTHUR DUARTE PEIXOTO DE ASSIS LTDA', 42250, '[{"supplierName":"ARTHUR DUARTE PEIXOTO DE ASSIS LTDA","price":42250,"deliveryDays":1,"rating":5,"isBest":true}]'::jsonb);
INSERT INTO public.project_requisitions (id, project_id, material, qty, date, status, approved_supplier, approved_price, options) VALUES ('a6d400eb-ee3c-4c74-8e06-97e8717bcc77', '91787382-f9de-4a22-b942-a6cf679972ab', 'Prestação de Serviços / Insumos', '1 un', '2026-06-16', 'Entregue', 'BETMIX CONCRETO LTDA', 178245, '[{"supplierName":"BETMIX CONCRETO LTDA","price":178245,"deliveryDays":1,"rating":5,"isBest":true}]'::jsonb);
INSERT INTO public.project_requisitions (id, project_id, material, qty, date, status, approved_supplier, approved_price, options) VALUES ('63750657-2022-44cd-b299-cb7586ca7a31', '91787382-f9de-4a22-b942-a6cf679972ab', 'Prestação de Serviços / Insumos', '1 un', '2026-06-16', 'Entregue', 'BLOJAF LTDA', 18299.4, '[{"supplierName":"BLOJAF LTDA","price":18299.4,"deliveryDays":1,"rating":5,"isBest":true}]'::jsonb);
INSERT INTO public.project_requisitions (id, project_id, material, qty, date, status, approved_supplier, approved_price, options) VALUES ('c480a198-8fbb-4a3b-8280-5ec6ca9ba536', '91787382-f9de-4a22-b942-a6cf679972ab', 'Prestação de Serviços / Insumos', '1 un', '2026-06-16', 'Entregue', 'BRASIL INDUSTRIAL CONSTRUCOES LTDA', 431235, '[{"supplierName":"BRASIL INDUSTRIAL CONSTRUCOES LTDA","price":431235,"deliveryDays":1,"rating":5,"isBest":true}]'::jsonb);
INSERT INTO public.project_requisitions (id, project_id, material, qty, date, status, approved_supplier, approved_price, options) VALUES ('f45c9e02-7c2a-4b61-a9ab-ba340e22617f', '6a5e7719-11f5-4640-8d71-19141cfdcdef', 'Prestação de Serviços / Insumos', '1 un', '2026-06-16', 'Entregue', 'BRASIL INDUSTRIAL CONSTRUCOES LTDA', 45210, '[{"supplierName":"BRASIL INDUSTRIAL CONSTRUCOES LTDA","price":45210,"deliveryDays":1,"rating":5,"isBest":true}]'::jsonb);
INSERT INTO public.project_requisitions (id, project_id, material, qty, date, status, approved_supplier, approved_price, options) VALUES ('4e46e2f1-6a59-47fb-9193-8a26096064a6', '4556fb29-f3bc-4fc8-8fca-ac5f555fbd79', 'Prestação de Serviços / Insumos', '1 un', '2026-06-16', 'Entregue', 'BRASIL INDUSTRIAL CONSTRUCOES LTDA', 64340, '[{"supplierName":"BRASIL INDUSTRIAL CONSTRUCOES LTDA","price":64340,"deliveryDays":1,"rating":5,"isBest":true}]'::jsonb);
INSERT INTO public.project_requisitions (id, project_id, material, qty, date, status, approved_supplier, approved_price, options) VALUES ('671b22e2-0600-4c7a-bc2d-c3afa2623d0f', '91787382-f9de-4a22-b942-a6cf679972ab', 'Prestação de Serviços / Insumos', '1 un', '2026-06-16', 'Entregue', 'CALIXTO E DIAS SERVIÇOS LTDA', 47142.28, '[{"supplierName":"CALIXTO E DIAS SERVIÇOS LTDA","price":47142.28,"deliveryDays":1,"rating":5,"isBest":true}]'::jsonb);
INSERT INTO public.project_requisitions (id, project_id, material, qty, date, status, approved_supplier, approved_price, options) VALUES ('416a97b4-cc62-4835-a438-0be7512507fd', '91787382-f9de-4a22-b942-a6cf679972ab', 'Prestação de Serviços / Insumos', '1 un', '2026-06-16', 'Entregue', 'CLAUDIO JUNIO AMARAL', 33555.91, '[{"supplierName":"CLAUDIO JUNIO AMARAL","price":33555.91,"deliveryDays":1,"rating":5,"isBest":true}]'::jsonb);
INSERT INTO public.project_requisitions (id, project_id, material, qty, date, status, approved_supplier, approved_price, options) VALUES ('2fd38586-a0a9-40ca-9255-d2fa448f540c', '91787382-f9de-4a22-b942-a6cf679972ab', 'Prestação de Serviços / Insumos', '1 un', '2026-06-16', 'Entregue', 'CM PROMOCOES E EVENTOS LTDA', 18000, '[{"supplierName":"CM PROMOCOES E EVENTOS LTDA","price":18000,"deliveryDays":1,"rating":5,"isBest":true}]'::jsonb);
INSERT INTO public.project_requisitions (id, project_id, material, qty, date, status, approved_supplier, approved_price, options) VALUES ('acef0053-c8f1-457d-916f-e4305aa840b3', '91787382-f9de-4a22-b942-a6cf679972ab', 'Prestação de Serviços / Insumos', '1 un', '2026-06-16', 'Entregue', 'COFERMETA AS', 9140, '[{"supplierName":"COFERMETA AS","price":9140,"deliveryDays":1,"rating":5,"isBest":true}]'::jsonb);
INSERT INTO public.project_requisitions (id, project_id, material, qty, date, status, approved_supplier, approved_price, options) VALUES ('b587c77b-bd3c-4239-a858-d7e0a2b1d873', '91787382-f9de-4a22-b942-a6cf679972ab', 'Prestação de Serviços / Insumos', '1 un', '2026-06-16', 'Entregue', 'CONEV ENGENHARIA LTDA', 2000, '[{"supplierName":"CONEV ENGENHARIA LTDA","price":2000,"deliveryDays":1,"rating":5,"isBest":true}]'::jsonb);
INSERT INTO public.project_requisitions (id, project_id, material, qty, date, status, approved_supplier, approved_price, options) VALUES ('c5d36269-38c7-4d24-9d07-4cb6a14fe291', '91787382-f9de-4a22-b942-a6cf679972ab', 'Prestação de Serviços / Insumos', '1 un', '2026-06-16', 'Entregue', 'CONSTRUMAIS COBERTURAS E SERVICOS LTDA', 193460, '[{"supplierName":"CONSTRUMAIS COBERTURAS E SERVICOS LTDA","price":193460,"deliveryDays":1,"rating":5,"isBest":true}]'::jsonb);
INSERT INTO public.project_requisitions (id, project_id, material, qty, date, status, approved_supplier, approved_price, options) VALUES ('c03ac6b9-0225-4160-92dd-ed43508b7a65', '91787382-f9de-4a22-b942-a6cf679972ab', 'Prestação de Serviços / Insumos', '1 un', '2026-06-16', 'Entregue', 'COOPERATIVA DE LOGISTICA E TRANSPORTE', 28591.26, '[{"supplierName":"COOPERATIVA DE LOGISTICA E TRANSPORTE","price":28591.26,"deliveryDays":1,"rating":5,"isBest":true}]'::jsonb);
INSERT INTO public.project_requisitions (id, project_id, material, qty, date, status, approved_supplier, approved_price, options) VALUES ('2af9c781-6674-435d-95b3-16b74bde783d', '91787382-f9de-4a22-b942-a6cf679972ab', 'Prestação de Serviços / Insumos', '1 un', '2026-06-16', 'Entregue', 'ELETRO FERRAGENS UNIAO LTDA', 25874.7, '[{"supplierName":"ELETRO FERRAGENS UNIAO LTDA","price":25874.7,"deliveryDays":1,"rating":5,"isBest":true}]'::jsonb);
INSERT INTO public.project_requisitions (id, project_id, material, qty, date, status, approved_supplier, approved_price, options) VALUES ('c8493098-1fe0-453c-b3ee-722fc2d68607', '91787382-f9de-4a22-b942-a6cf679972ab', 'Prestação de Serviços / Insumos', '1 un', '2026-06-16', 'Entregue', 'EXPRESSO MODAL TRANSPORTES E LOGISTICA LTDA', 8892.7, '[{"supplierName":"EXPRESSO MODAL TRANSPORTES E LOGISTICA LTDA","price":8892.7,"deliveryDays":1,"rating":5,"isBest":true}]'::jsonb);
INSERT INTO public.project_requisitions (id, project_id, material, qty, date, status, approved_supplier, approved_price, options) VALUES ('598c355e-8ebc-48d0-b5c8-9aa667a8a899', '91787382-f9de-4a22-b942-a6cf679972ab', 'Prestação de Serviços / Insumos', '1 un', '2026-06-16', 'Entregue', 'FERGAL FERRO E ACO LTDA', 4069.02, '[{"supplierName":"FERGAL FERRO E ACO LTDA","price":4069.02,"deliveryDays":1,"rating":5,"isBest":true}]'::jsonb);
INSERT INTO public.project_requisitions (id, project_id, material, qty, date, status, approved_supplier, approved_price, options) VALUES ('4ca9da77-d0ce-479d-9660-0d4d43f8483a', '91787382-f9de-4a22-b942-a6cf679972ab', 'Prestação de Serviços / Insumos', '1 un', '2026-06-16', 'Entregue', 'FERRO E ACO TAKONO LTDA', 116639.91, '[{"supplierName":"FERRO E ACO TAKONO LTDA","price":116639.91,"deliveryDays":1,"rating":5,"isBest":true}]'::jsonb);
INSERT INTO public.project_requisitions (id, project_id, material, qty, date, status, approved_supplier, approved_price, options) VALUES ('a8071a85-6c69-43aa-a298-bffaa2b5068d', '91787382-f9de-4a22-b942-a6cf679972ab', 'Prestação de Serviços / Insumos', '1 un', '2026-06-16', 'Entregue', 'FERROLAGOS COMERCIO DE FERRO E ACO LTDA', 52697.57000000001, '[{"supplierName":"FERROLAGOS COMERCIO DE FERRO E ACO LTDA","price":52697.57000000001,"deliveryDays":1,"rating":5,"isBest":true}]'::jsonb);
INSERT INTO public.project_requisitions (id, project_id, material, qty, date, status, approved_supplier, approved_price, options) VALUES ('51573831-254c-4bd8-acbb-c4aa3e0a74ef', '91787382-f9de-4a22-b942-a6cf679972ab', 'Prestação de Serviços / Insumos', '1 un', '2026-06-16', 'Entregue', 'FORÇA E CONTROLE', 3740, '[{"supplierName":"FORÇA E CONTROLE","price":3740,"deliveryDays":1,"rating":5,"isBest":true}]'::jsonb);
INSERT INTO public.project_requisitions (id, project_id, material, qty, date, status, approved_supplier, approved_price, options) VALUES ('742329e4-0756-4332-b76e-27593b07a3ac', '6a5e7719-11f5-4640-8d71-19141cfdcdef', 'Prestação de Serviços / Insumos', '1 un', '2026-06-16', 'Entregue', 'FORCA E CONTROLE PAINEIS E EQUIPAMENTOS ELETRICOS LTDA', 3120, '[{"supplierName":"FORCA E CONTROLE PAINEIS E EQUIPAMENTOS ELETRICOS LTDA","price":3120,"deliveryDays":1,"rating":5,"isBest":true}]'::jsonb);
INSERT INTO public.project_requisitions (id, project_id, material, qty, date, status, approved_supplier, approved_price, options) VALUES ('abff0d2c-ea93-40f3-99a6-6c2131c865d8', '91787382-f9de-4a22-b942-a6cf679972ab', 'Prestação de Serviços / Insumos', '1 un', '2026-06-16', 'Entregue', 'FORTE PREMOLDADOS', 100685.2, '[{"supplierName":"FORTE PREMOLDADOS","price":100685.2,"deliveryDays":1,"rating":5,"isBest":true}]'::jsonb);
INSERT INTO public.project_requisitions (id, project_id, material, qty, date, status, approved_supplier, approved_price, options) VALUES ('478b6f97-4f1a-41dc-97f8-b58baae69598', '91787382-f9de-4a22-b942-a6cf679972ab', 'Prestação de Serviços / Insumos', '1 un', '2026-06-16', 'Entregue', 'FORTMETAL METALURGICA', 15730, '[{"supplierName":"FORTMETAL METALURGICA","price":15730,"deliveryDays":1,"rating":5,"isBest":true}]'::jsonb);
INSERT INTO public.project_requisitions (id, project_id, material, qty, date, status, approved_supplier, approved_price, options) VALUES ('37300a99-3ead-4625-bbcd-7472bae5482c', '91787382-f9de-4a22-b942-a6cf679972ab', 'Prestação de Serviços / Insumos', '1 un', '2026-06-16', 'Entregue', 'GERABLOCOS LTDA', 10014.6, '[{"supplierName":"GERABLOCOS LTDA","price":10014.6,"deliveryDays":1,"rating":5,"isBest":true}]'::jsonb);
INSERT INTO public.project_requisitions (id, project_id, material, qty, date, status, approved_supplier, approved_price, options) VALUES ('91bf66bc-2ddb-43e7-90f0-53bba9b29c14', '91787382-f9de-4a22-b942-a6cf679972ab', 'Prestação de Serviços / Insumos', '1 un', '2026-06-16', 'Entregue', 'GERDAU AÇOS LONGOS S/A', 314501.27999999997, '[{"supplierName":"GERDAU AÇOS LONGOS S/A","price":314501.27999999997,"deliveryDays":1,"rating":5,"isBest":true}]'::jsonb);
INSERT INTO public.project_requisitions (id, project_id, material, qty, date, status, approved_supplier, approved_price, options) VALUES ('7ca59a0e-8e4b-4575-8a43-55b29773a805', '91787382-f9de-4a22-b942-a6cf679972ab', 'Prestação de Serviços / Insumos', '1 un', '2026-06-16', 'Entregue', 'GH DO BRASIL INDUSTRIA E COMERCIO', 22831.71, '[{"supplierName":"GH DO BRASIL INDUSTRIA E COMERCIO","price":22831.71,"deliveryDays":1,"rating":5,"isBest":true}]'::jsonb);
INSERT INTO public.project_requisitions (id, project_id, material, qty, date, status, approved_supplier, approved_price, options) VALUES ('257e8362-f4c8-438d-8780-7d2067a2d964', '91787382-f9de-4a22-b942-a6cf679972ab', 'Prestação de Serviços / Insumos', '1 un', '2026-06-16', 'Entregue', 'GM SOLOS LTDA', 89601.9, '[{"supplierName":"GM SOLOS LTDA","price":89601.9,"deliveryDays":1,"rating":5,"isBest":true}]'::jsonb);
INSERT INTO public.project_requisitions (id, project_id, material, qty, date, status, approved_supplier, approved_price, options) VALUES ('b63006cf-3020-45b3-93b7-e41279905a54', '6a5e7719-11f5-4640-8d71-19141cfdcdef', 'Prestação de Serviços / Insumos', '1 un', '2026-06-16', 'Entregue', 'GMZ IND E COMERCIO DE GRANITOS E MARMORES LTDA', 11600, '[{"supplierName":"GMZ IND E COMERCIO DE GRANITOS E MARMORES LTDA","price":11600,"deliveryDays":1,"rating":5,"isBest":true}]'::jsonb);
INSERT INTO public.project_requisitions (id, project_id, material, qty, date, status, approved_supplier, approved_price, options) VALUES ('9244be9d-a5db-41cb-acbb-c3c410892832', '91787382-f9de-4a22-b942-a6cf679972ab', 'Prestação de Serviços / Insumos', '1 un', '2026-06-16', 'Entregue', 'GRAAL TINTAS', 42251.44, '[{"supplierName":"GRAAL TINTAS","price":42251.44,"deliveryDays":1,"rating":5,"isBest":true}]'::jsonb);
INSERT INTO public.project_requisitions (id, project_id, material, qty, date, status, approved_supplier, approved_price, options) VALUES ('a2189193-2efb-4109-9ae3-194e0bfaccb1', '91787382-f9de-4a22-b942-a6cf679972ab', 'Prestação de Serviços / Insumos', '1 un', '2026-06-16', 'Entregue', 'GROUP SMS CORPORATION LTDA', 32000, '[{"supplierName":"GROUP SMS CORPORATION LTDA","price":32000,"deliveryDays":1,"rating":5,"isBest":true}]'::jsonb);
INSERT INTO public.project_requisitions (id, project_id, material, qty, date, status, approved_supplier, approved_price, options) VALUES ('594ba6b6-bfc1-4d25-9d2d-4cac1789c088', '91787382-f9de-4a22-b942-a6cf679972ab', 'Prestação de Serviços / Insumos', '1 un', '2026-06-16', 'Entregue', 'G-SERVICE MANUTENCAO EM GERADORES LTDA - ME', 26999.99, '[{"supplierName":"G-SERVICE MANUTENCAO EM GERADORES LTDA - ME","price":26999.99,"deliveryDays":1,"rating":5,"isBest":true}]'::jsonb);
INSERT INTO public.project_requisitions (id, project_id, material, qty, date, status, approved_supplier, approved_price, options) VALUES ('1fe6cdea-b111-46b3-87c0-cfb0cbf03603', '91787382-f9de-4a22-b942-a6cf679972ab', 'Prestação de Serviços / Insumos', '1 un', '2026-06-16', 'Entregue', 'GUERRA ENGENHARIA E CONSULTORIA LTDA', 15906.25, '[{"supplierName":"GUERRA ENGENHARIA E CONSULTORIA LTDA","price":15906.25,"deliveryDays":1,"rating":5,"isBest":true}]'::jsonb);
INSERT INTO public.project_requisitions (id, project_id, material, qty, date, status, approved_supplier, approved_price, options) VALUES ('355db2ed-4b80-4455-8f8f-320fa357424c', '91787382-f9de-4a22-b942-a6cf679972ab', 'Prestação de Serviços / Insumos', '1 un', '2026-06-16', 'Entregue', 'J B SERVICOS DE PAVIMENTACAO LTDA', 105685, '[{"supplierName":"J B SERVICOS DE PAVIMENTACAO LTDA","price":105685,"deliveryDays":1,"rating":5,"isBest":true}]'::jsonb);
INSERT INTO public.project_requisitions (id, project_id, material, qty, date, status, approved_supplier, approved_price, options) VALUES ('d7a97979-7e96-4ebc-af02-2d5cb70b084d', '91787382-f9de-4a22-b942-a6cf679972ab', 'Prestação de Serviços / Insumos', '1 un', '2026-06-16', 'Entregue', 'JPREFRIGERACAO E BEBEDOUROS LTDA', 1790, '[{"supplierName":"JPREFRIGERACAO E BEBEDOUROS LTDA","price":1790,"deliveryDays":1,"rating":5,"isBest":true}]'::jsonb);
INSERT INTO public.project_requisitions (id, project_id, material, qty, date, status, approved_supplier, approved_price, options) VALUES ('d798beac-633c-4bac-8364-731f083def20', '91787382-f9de-4a22-b942-a6cf679972ab', 'Prestação de Serviços / Insumos', '1 un', '2026-06-16', 'Entregue', 'KARCHER INDUSTRIA E COMERCIO LIMITADA', 26300, '[{"supplierName":"KARCHER INDUSTRIA E COMERCIO LIMITADA","price":26300,"deliveryDays":1,"rating":5,"isBest":true}]'::jsonb);
INSERT INTO public.project_requisitions (id, project_id, material, qty, date, status, approved_supplier, approved_price, options) VALUES ('bd082c54-0ef0-4c08-8600-0862fed18666', '91787382-f9de-4a22-b942-a6cf679972ab', 'Prestação de Serviços / Insumos', '1 un', '2026-06-16', 'Entregue', 'L-BRAS FUNDACOES LTDA', 18316.29, '[{"supplierName":"L-BRAS FUNDACOES LTDA","price":18316.29,"deliveryDays":1,"rating":5,"isBest":true}]'::jsonb);
INSERT INTO public.project_requisitions (id, project_id, material, qty, date, status, approved_supplier, approved_price, options) VALUES ('7025ef1f-10bc-46ea-a1ee-fca24a176a0d', '91787382-f9de-4a22-b942-a6cf679972ab', 'Prestação de Serviços / Insumos', '1 un', '2026-06-16', 'Entregue', 'LOCACOES  ABRANTES  LTDA', 25935.3, '[{"supplierName":"LOCACOES  ABRANTES  LTDA","price":25935.3,"deliveryDays":1,"rating":5,"isBest":true}]'::jsonb);
INSERT INTO public.project_requisitions (id, project_id, material, qty, date, status, approved_supplier, approved_price, options) VALUES ('311354d4-0c03-4378-8bb1-04766763d61b', '91787382-f9de-4a22-b942-a6cf679972ab', 'Prestação de Serviços / Insumos', '1 un', '2026-06-16', 'Entregue', 'LOJA ELETRICA LTDA', 305474.4399999999, '[{"supplierName":"LOJA ELETRICA LTDA","price":305474.4399999999,"deliveryDays":1,"rating":5,"isBest":true}]'::jsonb);
INSERT INTO public.project_requisitions (id, project_id, material, qty, date, status, approved_supplier, approved_price, options) VALUES ('2bbdc88f-8e38-43fe-b116-c7de81127155', '6a5e7719-11f5-4640-8d71-19141cfdcdef', 'Prestação de Serviços / Insumos', '1 un', '2026-06-16', 'Entregue', 'LOJA ELETRICA LTDA', 21140.25, '[{"supplierName":"LOJA ELETRICA LTDA","price":21140.25,"deliveryDays":1,"rating":5,"isBest":true}]'::jsonb);
INSERT INTO public.project_requisitions (id, project_id, material, qty, date, status, approved_supplier, approved_price, options) VALUES ('56169f4a-b637-4818-ad1c-d350e4fd26f2', '4556fb29-f3bc-4fc8-8fca-ac5f555fbd79', 'Prestação de Serviços / Insumos', '1 un', '2026-06-16', 'Entregue', 'LOJA ELETRICA LTDA', 47074.33, '[{"supplierName":"LOJA ELETRICA LTDA","price":47074.33,"deliveryDays":1,"rating":5,"isBest":true}]'::jsonb);
INSERT INTO public.project_requisitions (id, project_id, material, qty, date, status, approved_supplier, approved_price, options) VALUES ('4f8c8838-069e-435c-b4c7-ec37cd4e587f', '91787382-f9de-4a22-b942-a6cf679972ab', 'Prestação de Serviços / Insumos', '1 un', '2026-06-16', 'Entregue', 'MADEIREIRA VARANDAO EIRELI', 2000, '[{"supplierName":"MADEIREIRA VARANDAO EIRELI","price":2000,"deliveryDays":1,"rating":5,"isBest":true}]'::jsonb);
INSERT INTO public.project_requisitions (id, project_id, material, qty, date, status, approved_supplier, approved_price, options) VALUES ('98de22ef-9f2e-4832-a9f5-df34f35ce864', '91787382-f9de-4a22-b942-a6cf679972ab', 'Prestação de Serviços / Insumos', '1 un', '2026-06-16', 'Entregue', 'MANG ACO  LTDA', 6522.5, '[{"supplierName":"MANG ACO  LTDA","price":6522.5,"deliveryDays":1,"rating":5,"isBest":true}]'::jsonb);
INSERT INTO public.project_requisitions (id, project_id, material, qty, date, status, approved_supplier, approved_price, options) VALUES ('993abcc3-67f8-40ba-84c8-79267b438c0a', '91787382-f9de-4a22-b942-a6cf679972ab', 'Prestação de Serviços / Insumos', '1 un', '2026-06-16', 'Entregue', 'MD PRESTACOES DE SERVICOS LTDA', 309367.52, '[{"supplierName":"MD PRESTACOES DE SERVICOS LTDA","price":309367.52,"deliveryDays":1,"rating":5,"isBest":true}]'::jsonb);
INSERT INTO public.project_requisitions (id, project_id, material, qty, date, status, approved_supplier, approved_price, options) VALUES ('24793210-2796-4c5c-88ab-e6f7ce8abd65', '4556fb29-f3bc-4fc8-8fca-ac5f555fbd79', 'Prestação de Serviços / Insumos', '1 un', '2026-06-16', 'Entregue', 'MD PRESTACOES DE SERVICOS LTDA', 133000, '[{"supplierName":"MD PRESTACOES DE SERVICOS LTDA","price":133000,"deliveryDays":1,"rating":5,"isBest":true}]'::jsonb);
INSERT INTO public.project_requisitions (id, project_id, material, qty, date, status, approved_supplier, approved_price, options) VALUES ('6db58537-fad3-4552-8509-4f68b3e6f49a', '91787382-f9de-4a22-b942-a6cf679972ab', 'Prestação de Serviços / Insumos', '1 un', '2026-06-16', 'Entregue', 'MINAS METALICA LTDA', 521607.35, '[{"supplierName":"MINAS METALICA LTDA","price":521607.35,"deliveryDays":1,"rating":5,"isBest":true}]'::jsonb);
INSERT INTO public.project_requisitions (id, project_id, material, qty, date, status, approved_supplier, approved_price, options) VALUES ('f4e747e8-3e95-4351-a165-01c6ca2228a4', '91787382-f9de-4a22-b942-a6cf679972ab', 'Prestação de Serviços / Insumos', '1 un', '2026-06-16', 'Entregue', 'MINERAÇÃO MONTREAL LTDA', 114689.75999999998, '[{"supplierName":"MINERAÇÃO MONTREAL LTDA","price":114689.75999999998,"deliveryDays":1,"rating":5,"isBest":true}]'::jsonb);
INSERT INTO public.project_requisitions (id, project_id, material, qty, date, status, approved_supplier, approved_price, options) VALUES ('0974a1bc-6e80-4c3d-bdb2-6d88185d2c4d', '91787382-f9de-4a22-b942-a6cf679972ab', 'Prestação de Serviços / Insumos', '1 un', '2026-06-16', 'Entregue', 'MODELACO COMERCIO DE PRODUTOS E SERVICOS', 65948.87, '[{"supplierName":"MODELACO COMERCIO DE PRODUTOS E SERVICOS","price":65948.87,"deliveryDays":1,"rating":5,"isBest":true}]'::jsonb);
INSERT INTO public.project_requisitions (id, project_id, material, qty, date, status, approved_supplier, approved_price, options) VALUES ('54b49741-48c3-4bd0-9d0f-ee18444fbbce', '4556fb29-f3bc-4fc8-8fca-ac5f555fbd79', 'Prestação de Serviços / Insumos', '1 un', '2026-06-16', 'Entregue', 'NBTX CONCRETO LTDA', 2140, '[{"supplierName":"NBTX CONCRETO LTDA","price":2140,"deliveryDays":1,"rating":5,"isBest":true}]'::jsonb);
INSERT INTO public.project_requisitions (id, project_id, material, qty, date, status, approved_supplier, approved_price, options) VALUES ('b9c8aea8-7eb3-44b6-91af-75c406f7be12', '6a5e7719-11f5-4640-8d71-19141cfdcdef', 'Prestação de Serviços / Insumos', '1 un', '2026-06-16', 'Entregue', 'OLIVEIRA E VIANA MATERIAIS DE CONSTRUCAO LTDA', 35351.45, '[{"supplierName":"OLIVEIRA E VIANA MATERIAIS DE CONSTRUCAO LTDA","price":35351.45,"deliveryDays":1,"rating":5,"isBest":true}]'::jsonb);
INSERT INTO public.project_requisitions (id, project_id, material, qty, date, status, approved_supplier, approved_price, options) VALUES ('bd64c489-1d96-40fb-a362-e9df2acf1c74', '6a5e7719-11f5-4640-8d71-19141cfdcdef', 'Prestação de Serviços / Insumos', '1 un', '2026-06-16', 'Entregue', 'ORMILOC LOC E COM DE EQUIP E UTENS PARA EVENTOS EIRELI', 9920, '[{"supplierName":"ORMILOC LOC E COM DE EQUIP E UTENS PARA EVENTOS EIRELI","price":9920,"deliveryDays":1,"rating":5,"isBest":true}]'::jsonb);
INSERT INTO public.project_requisitions (id, project_id, material, qty, date, status, approved_supplier, approved_price, options) VALUES ('85b35579-29be-4070-822d-860b129302e2', '91787382-f9de-4a22-b942-a6cf679972ab', 'Prestação de Serviços / Insumos', '1 un', '2026-06-16', 'Entregue', 'OTONI ENGENHARIA E CONSULTORIA LTDA', 1324755.06, '[{"supplierName":"OTONI ENGENHARIA E CONSULTORIA LTDA","price":1324755.06,"deliveryDays":1,"rating":5,"isBest":true}]'::jsonb);
INSERT INTO public.project_requisitions (id, project_id, material, qty, date, status, approved_supplier, approved_price, options) VALUES ('86f5c226-082a-4827-a97a-6f3922b1a64c', '6a5e7719-11f5-4640-8d71-19141cfdcdef', 'Prestação de Serviços / Insumos', '1 un', '2026-06-16', 'Entregue', 'OTONI ENGENHARIA E CONSULTORIA LTDA', 163500, '[{"supplierName":"OTONI ENGENHARIA E CONSULTORIA LTDA","price":163500,"deliveryDays":1,"rating":5,"isBest":true}]'::jsonb);
INSERT INTO public.project_requisitions (id, project_id, material, qty, date, status, approved_supplier, approved_price, options) VALUES ('acc46656-3e24-43d9-bc21-84d80f66ea50', '4556fb29-f3bc-4fc8-8fca-ac5f555fbd79', 'Prestação de Serviços / Insumos', '1 un', '2026-06-16', 'Entregue', 'OTONI ENGENHARIA E CONSULTORIA LTDA', 79000, '[{"supplierName":"OTONI ENGENHARIA E CONSULTORIA LTDA","price":79000,"deliveryDays":1,"rating":5,"isBest":true}]'::jsonb);
INSERT INTO public.project_requisitions (id, project_id, material, qty, date, status, approved_supplier, approved_price, options) VALUES ('0d740a0d-2092-42da-bdd6-af99ef477567', '91787382-f9de-4a22-b942-a6cf679972ab', 'Prestação de Serviços / Insumos', '1 un', '2026-06-16', 'Entregue', 'PAFI USINAGEM E TORNEARIA LTDA', 16500, '[{"supplierName":"PAFI USINAGEM E TORNEARIA LTDA","price":16500,"deliveryDays":1,"rating":5,"isBest":true}]'::jsonb);
INSERT INTO public.project_requisitions (id, project_id, material, qty, date, status, approved_supplier, approved_price, options) VALUES ('165d2873-a42a-49df-9d5c-52f543660202', '91787382-f9de-4a22-b942-a6cf679972ab', 'Prestação de Serviços / Insumos', '1 un', '2026-06-16', 'Entregue', 'PCCALLADO DESIGN', 1146.35, '[{"supplierName":"PCCALLADO DESIGN","price":1146.35,"deliveryDays":1,"rating":5,"isBest":true}]'::jsonb);
INSERT INTO public.project_requisitions (id, project_id, material, qty, date, status, approved_supplier, approved_price, options) VALUES ('a76f6415-8b7b-4bee-9d84-6d1bc42f1a4b', '91787382-f9de-4a22-b942-a6cf679972ab', 'Prestação de Serviços / Insumos', '1 un', '2026-06-16', 'Entregue', 'POLIPISO DO BRASIL LTDA', 52198.83, '[{"supplierName":"POLIPISO DO BRASIL LTDA","price":52198.83,"deliveryDays":1,"rating":5,"isBest":true}]'::jsonb);
INSERT INTO public.project_requisitions (id, project_id, material, qty, date, status, approved_supplier, approved_price, options) VALUES ('646ba0f3-f914-444c-aada-2148339ea1de', '91787382-f9de-4a22-b942-a6cf679972ab', 'Prestação de Serviços / Insumos', '1 un', '2026-06-16', 'Entregue', 'PONTO DO INCENDIO LTDA', 29834.379999999997, '[{"supplierName":"PONTO DO INCENDIO LTDA","price":29834.379999999997,"deliveryDays":1,"rating":5,"isBest":true}]'::jsonb);
INSERT INTO public.project_requisitions (id, project_id, material, qty, date, status, approved_supplier, approved_price, options) VALUES ('a96c0a1e-d9b7-4c29-84ee-c0dad40e6dfc', '91787382-f9de-4a22-b942-a6cf679972ab', 'Prestação de Serviços / Insumos', '1 un', '2026-06-16', 'Entregue', 'PREVINA - SEGURANCA CONTRA INCENDIO LTDA', 1750, '[{"supplierName":"PREVINA - SEGURANCA CONTRA INCENDIO LTDA","price":1750,"deliveryDays":1,"rating":5,"isBest":true}]'::jsonb);
INSERT INTO public.project_requisitions (id, project_id, material, qty, date, status, approved_supplier, approved_price, options) VALUES ('6672af7a-2232-4293-b91c-c7d2bc229ed2', '91787382-f9de-4a22-b942-a6cf679972ab', 'Prestação de Serviços / Insumos', '1 un', '2026-06-16', 'Entregue', 'RAFAEL GONCALVES DUARTE', 383802.55, '[{"supplierName":"RAFAEL GONCALVES DUARTE","price":383802.55,"deliveryDays":1,"rating":5,"isBest":true}]'::jsonb);
INSERT INTO public.project_requisitions (id, project_id, material, qty, date, status, approved_supplier, approved_price, options) VALUES ('1468b74a-688b-4062-9dca-a8ca0ae95a3b', '4556fb29-f3bc-4fc8-8fca-ac5f555fbd79', 'Prestação de Serviços / Insumos', '1 un', '2026-06-16', 'Entregue', 'RAFAEL GONCALVES DUARTE', 78724, '[{"supplierName":"RAFAEL GONCALVES DUARTE","price":78724,"deliveryDays":1,"rating":5,"isBest":true}]'::jsonb);
INSERT INTO public.project_requisitions (id, project_id, material, qty, date, status, approved_supplier, approved_price, options) VALUES ('2cc77525-0a5a-4a26-8e26-988e00a3f4d9', '0b2ee53b-8591-4345-bd60-0a6e4ee57337', 'Prestação de Serviços / Insumos', '1 un', '2026-06-16', 'Entregue', 'REAL AR CONDICIONADO', 86000, '[{"supplierName":"REAL AR CONDICIONADO","price":86000,"deliveryDays":1,"rating":5,"isBest":true}]'::jsonb);
INSERT INTO public.project_requisitions (id, project_id, material, qty, date, status, approved_supplier, approved_price, options) VALUES ('8b7a73ab-f622-480d-93b4-f78416eaa232', '91787382-f9de-4a22-b942-a6cf679972ab', 'Prestação de Serviços / Insumos', '1 un', '2026-06-16', 'Entregue', 'RODAS E RODIZIOS', 2120, '[{"supplierName":"RODAS E RODIZIOS","price":2120,"deliveryDays":1,"rating":5,"isBest":true}]'::jsonb);
INSERT INTO public.project_requisitions (id, project_id, material, qty, date, status, approved_supplier, approved_price, options) VALUES ('f770c34d-4bbb-4e99-9ec0-c42320dca6e2', '91787382-f9de-4a22-b942-a6cf679972ab', 'Prestação de Serviços / Insumos', '1 un', '2026-06-16', 'Entregue', 'RT LOCAÇÕES E SERVIÇOS LTDA', 550, '[{"supplierName":"RT LOCAÇÕES E SERVIÇOS LTDA","price":550,"deliveryDays":1,"rating":5,"isBest":true}]'::jsonb);
INSERT INTO public.project_requisitions (id, project_id, material, qty, date, status, approved_supplier, approved_price, options) VALUES ('6a9e4024-b539-44e8-ac45-c5e1318cf451', '91787382-f9de-4a22-b942-a6cf679972ab', 'Prestação de Serviços / Insumos', '1 un', '2026-06-16', 'Entregue', 'SARZEDO PARAFUSOS LTDA', 1988.2, '[{"supplierName":"SARZEDO PARAFUSOS LTDA","price":1988.2,"deliveryDays":1,"rating":5,"isBest":true}]'::jsonb);
INSERT INTO public.project_requisitions (id, project_id, material, qty, date, status, approved_supplier, approved_price, options) VALUES ('3024f3a8-bebe-4325-acf8-85733d04d378', '91787382-f9de-4a22-b942-a6cf679972ab', 'Prestação de Serviços / Insumos', '1 un', '2026-06-16', 'Entregue', 'SOMAQUINAS', 5400, '[{"supplierName":"SOMAQUINAS","price":5400,"deliveryDays":1,"rating":5,"isBest":true}]'::jsonb);
INSERT INTO public.project_requisitions (id, project_id, material, qty, date, status, approved_supplier, approved_price, options) VALUES ('77a42723-66b5-4b76-bfe0-2be050c42946', '91787382-f9de-4a22-b942-a6cf679972ab', 'Prestação de Serviços / Insumos', '1 un', '2026-06-16', 'Entregue', 'SUPER - MAK SERVICOS LTDA', 14300, '[{"supplierName":"SUPER - MAK SERVICOS LTDA","price":14300,"deliveryDays":1,"rating":5,"isBest":true}]'::jsonb);
INSERT INTO public.project_requisitions (id, project_id, material, qty, date, status, approved_supplier, approved_price, options) VALUES ('d7ff17d0-da43-4aab-a7f2-88f7e160a409', '6a5e7719-11f5-4640-8d71-19141cfdcdef', 'Prestação de Serviços / Insumos', '1 un', '2026-06-16', 'Entregue', 'SUPERINOX LTDA', 23337, '[{"supplierName":"SUPERINOX LTDA","price":23337,"deliveryDays":1,"rating":5,"isBest":true}]'::jsonb);
INSERT INTO public.project_requisitions (id, project_id, material, qty, date, status, approved_supplier, approved_price, options) VALUES ('9a37c6a3-1386-4a59-9468-cc126ba7dbfd', '91787382-f9de-4a22-b942-a6cf679972ab', 'Prestação de Serviços / Insumos', '1 un', '2026-06-16', 'Entregue', 'TECPISO LAPIDACOES, REVESTIMENTOS E SERVICOS LTDA', 73253.5, '[{"supplierName":"TECPISO LAPIDACOES, REVESTIMENTOS E SERVICOS LTDA","price":73253.5,"deliveryDays":1,"rating":5,"isBest":true}]'::jsonb);
INSERT INTO public.project_requisitions (id, project_id, material, qty, date, status, approved_supplier, approved_price, options) VALUES ('996217c4-c2ce-4f1d-a5f3-8430c6428742', '91787382-f9de-4a22-b942-a6cf679972ab', 'Prestação de Serviços / Insumos', '1 un', '2026-06-16', 'Entregue', 'TERRAMAX TERRAPLENAGEM E TRANSPORTES LTDA', 8200, '[{"supplierName":"TERRAMAX TERRAPLENAGEM E TRANSPORTES LTDA","price":8200,"deliveryDays":1,"rating":5,"isBest":true}]'::jsonb);
INSERT INTO public.project_requisitions (id, project_id, material, qty, date, status, approved_supplier, approved_price, options) VALUES ('f540332d-b9da-4ae5-8d7e-681c741585f2', '91787382-f9de-4a22-b942-a6cf679972ab', 'Prestação de Serviços / Insumos', '1 un', '2026-06-16', 'Entregue', 'TRADIMAQ LTDA', 51540, '[{"supplierName":"TRADIMAQ LTDA","price":51540,"deliveryDays":1,"rating":5,"isBest":true}]'::jsonb);
INSERT INTO public.project_requisitions (id, project_id, material, qty, date, status, approved_supplier, approved_price, options) VALUES ('9fca0f6a-3009-4cf3-a368-39e7c730e01a', '91787382-f9de-4a22-b942-a6cf679972ab', 'Prestação de Serviços / Insumos', '1 un', '2026-06-16', 'Entregue', 'VERDE DISTRIBUIDORA LTDA', 75326.39, '[{"supplierName":"VERDE DISTRIBUIDORA LTDA","price":75326.39,"deliveryDays":1,"rating":5,"isBest":true}]'::jsonb);
INSERT INTO public.project_requisitions (id, project_id, material, qty, date, status, approved_supplier, approved_price, options) VALUES ('6079f42b-1fc8-4711-83b5-0246e46b59fd', '91787382-f9de-4a22-b942-a6cf679972ab', 'Prestação de Serviços / Insumos', '1 un', '2026-06-16', 'Entregue', 'WANDERSON A M DA SILVA - LOCAÇÃO DE MUNK', 315140, '[{"supplierName":"WANDERSON A M DA SILVA - LOCAÇÃO DE MUNK","price":315140,"deliveryDays":1,"rating":5,"isBest":true}]'::jsonb);
INSERT INTO public.project_requisitions (id, project_id, material, qty, date, status, approved_supplier, approved_price, options) VALUES ('ae61a57b-c323-485f-a8c6-17706a0d79d1', '91787382-f9de-4a22-b942-a6cf679972ab', 'Prestação de Serviços / Insumos', '1 un', '2026-06-16', 'Entregue', 'ZAGONEL ILUMINACAO SA', 11685.419999999998, '[{"supplierName":"ZAGONEL ILUMINACAO SA","price":11685.419999999998,"deliveryDays":1,"rating":5,"isBest":true}]'::jsonb);
INSERT INTO public.project_requisitions (id, project_id, material, qty, date, status, approved_supplier, approved_price, options) VALUES ('65d40de4-36fa-41b3-9a29-fcc079f62cc2', '91787382-f9de-4a22-b942-a6cf679972ab', 'Prestação de Serviços / Insumos', '1 un', '2026-06-16', 'Entregue', 'ZUM PIPAS COMERCIO E TRANSPORTES LTDA', 2900, '[{"supplierName":"ZUM PIPAS COMERCIO E TRANSPORTES LTDA","price":2900,"deliveryDays":1,"rating":5,"isBest":true}]'::jsonb);
INSERT INTO public.project_requisitions (id, project_id, material, qty, date, status, approved_supplier, approved_price, options) VALUES ('b9681a41-213b-4277-97fc-1d638235d435', 'f6821544-63e6-4b66-a955-77ed4732c382', 'Prestação de Serviços / Insumos', '1 un', '2026-06-16', 'Entregue', 'X-MALB SOLUCOES LTDA', 184000, '[{"supplierName":"X-MALB SOLUCOES LTDA","price":184000,"deliveryDays":1,"rating":5,"isBest":true}]'::jsonb);
